{"stats":{"minecraft:dropped":{"minecraft:wheat_seeds":1},"minecraft:picked_up":{"minecraft:rotten_flesh":2,"minecraft:wheat_seeds":6},"minecraft:custom":{"minecraft:jump":73,"minecraft:walk_on_water_one_cm":652,"minecraft:time_since_rest":50,"minecraft:damage_dealt":225,"minecraft:deaths":3,"minecraft:leave_game":6,"minecraft:play_time":5429,"minecraft:sprint_one_cm":9882,"minecraft:damage_taken":765,"minecraft:time_since_death":0,"minecraft:walk_one_cm":5462,"minecraft:total_world_time":5429,"minecraft:mob_kills":1,"minecraft:drop":1,"minecraft:fall_one_cm":1881,"minecraft:fly_one_cm":14441},"minecraft:killed_by":{"minecraft:zombie":1,"minecraft:skeleton":2},"minecraft:mined":{"minecraft:tall_grass":7,"minecraft:grass":16}},"DataVersion":3465}